country,year,tfr,subgroup,bloc
Estonia,2000,1.347264,Baltic,Rest of post-Soviet
Estonia,2001,1.315406,Baltic,Rest of post-Soviet
Estonia,2002,1.353164,Baltic,Rest of post-Soviet
Estonia,2003,1.364778,Baltic,Rest of post-Soviet
Estonia,2004,1.464967,Baltic,Rest of post-Soviet
Estonia,2005,1.514667,Baltic,Rest of post-Soviet
Estonia,2006,1.582784,Baltic,Rest of post-Soviet
Estonia,2007,1.684803,Baltic,Rest of post-Soviet
Estonia,2008,1.718613,Baltic,Rest of post-Soviet
Estonia,2009,1.700792,Baltic,Rest of post-Soviet
Estonia,2010,1.715837,Baltic,Rest of post-Soviet
Estonia,2011,1.615645,Baltic,Rest of post-Soviet
Estonia,2012,1.561469,Baltic,Rest of post-Soviet
Estonia,2013,1.5239,Baltic,Rest of post-Soviet
Estonia,2014,1.542711,Baltic,Rest of post-Soviet
Estonia,2015,1.580458,Baltic,Rest of post-Soviet
Estonia,2016,1.603494,Baltic,Rest of post-Soviet
Estonia,2017,1.595724,Baltic,Rest of post-Soviet
Estonia,2018,1.670176,Baltic,Rest of post-Soviet
Estonia,2019,1.661437,Baltic,Rest of post-Soviet
Estonia,2020,1.587592,Baltic,Rest of post-Soviet
Estonia,2021,1.59408,Baltic,Rest of post-Soviet
Estonia,2022,1.41,Baltic,Rest of post-Soviet
Estonia,2023,1.35,Baltic,Rest of post-Soviet
Latvia,2000,1.244485,Baltic,Rest of post-Soviet
Latvia,2001,1.222852,Baltic,Rest of post-Soviet
Latvia,2002,1.257519,Baltic,Rest of post-Soviet
Latvia,2003,1.32183,Baltic,Rest of post-Soviet
Latvia,2004,1.296752,Baltic,Rest of post-Soviet
Latvia,2005,1.389376,Baltic,Rest of post-Soviet
Latvia,2006,1.463824,Baltic,Rest of post-Soviet
Latvia,2007,1.542382,Baltic,Rest of post-Soviet
Latvia,2008,1.585392,Baltic,Rest of post-Soviet
Latvia,2009,1.471832,Baltic,Rest of post-Soviet
Latvia,2010,1.367074,Baltic,Rest of post-Soviet
Latvia,2011,1.342888,Baltic,Rest of post-Soviet
Latvia,2012,1.444325,Baltic,Rest of post-Soviet
Latvia,2013,1.527422,Baltic,Rest of post-Soviet
Latvia,2014,1.64598,Baltic,Rest of post-Soviet
Latvia,2015,1.706456,Baltic,Rest of post-Soviet
Latvia,2016,1.742342,Baltic,Rest of post-Soviet
Latvia,2017,1.698427,Baltic,Rest of post-Soviet
Latvia,2018,1.61249,Baltic,Rest of post-Soviet
Latvia,2019,1.609161,Baltic,Rest of post-Soviet
Latvia,2020,1.5462,Baltic,Rest of post-Soviet
Latvia,2021,1.5716,Baltic,Rest of post-Soviet
Latvia,2022,1.47,Baltic,Rest of post-Soviet
Latvia,2023,1.337526,Baltic,Rest of post-Soviet
Lithuania,2000,1.383066,Baltic,Rest of post-Soviet
Lithuania,2001,1.281169,Baltic,Rest of post-Soviet
Lithuania,2002,1.231351,Baltic,Rest of post-Soviet
Lithuania,2003,1.26048,Baltic,Rest of post-Soviet
Lithuania,2004,1.271054,Baltic,Rest of post-Soviet
Lithuania,2005,1.291236,Baltic,Rest of post-Soviet
Lithuania,2006,1.322227,Baltic,Rest of post-Soviet
Lithuania,2007,1.358856,Baltic,Rest of post-Soviet
Lithuania,2008,1.444071,Baltic,Rest of post-Soviet
Lithuania,2009,1.499453,Baltic,Rest of post-Soviet
Lithuania,2010,1.499202,Baltic,Rest of post-Soviet
Lithuania,2011,1.548247,Baltic,Rest of post-Soviet
Lithuania,2012,1.591134,Baltic,Rest of post-Soviet
Lithuania,2013,1.58291,Baltic,Rest of post-Soviet
Lithuania,2014,1.628049,Baltic,Rest of post-Soviet
Lithuania,2015,1.705244,Baltic,Rest of post-Soviet
Lithuania,2016,1.692274,Baltic,Rest of post-Soviet
Lithuania,2017,1.633237,Baltic,Rest of post-Soviet
Lithuania,2018,1.635176,Baltic,Rest of post-Soviet
Lithuania,2019,1.610225,Baltic,Rest of post-Soviet
Lithuania,2020,1.487075,Baltic,Rest of post-Soviet
Lithuania,2021,1.35873,Baltic,Rest of post-Soviet
Lithuania,2022,1.27,Baltic,Rest of post-Soviet
Lithuania,2023,1.201006,Baltic,Rest of post-Soviet
Armenia,2000,1.469829,Caucasus,Rest of post-Soviet
Armenia,2001,1.402,Caucasus,Rest of post-Soviet
Armenia,2002,1.405,Caucasus,Rest of post-Soviet
Armenia,2003,1.472834,Caucasus,Rest of post-Soviet
Armenia,2004,1.490542,Caucasus,Rest of post-Soviet
Armenia,2005,1.492145,Caucasus,Rest of post-Soviet
Armenia,2006,1.494005,Caucasus,Rest of post-Soviet
Armenia,2007,1.519056,Caucasus,Rest of post-Soviet
Armenia,2008,1.541028,Caucasus,Rest of post-Soviet
Armenia,2009,1.574183,Caucasus,Rest of post-Soviet
Armenia,2010,1.587759,Caucasus,Rest of post-Soviet
Armenia,2011,1.615303,Caucasus,Rest of post-Soviet
Armenia,2012,1.647433,Caucasus,Rest of post-Soviet
Armenia,2013,1.668943,Caucasus,Rest of post-Soviet
Armenia,2014,1.663358,Caucasus,Rest of post-Soviet
Armenia,2015,1.62067,Caucasus,Rest of post-Soviet
Armenia,2016,1.6248,Caucasus,Rest of post-Soviet
Armenia,2017,1.56087,Caucasus,Rest of post-Soviet
Armenia,2018,1.56746,Caucasus,Rest of post-Soviet
Armenia,2019,1.60075,Caucasus,Rest of post-Soviet
Armenia,2020,1.619121,Caucasus,Rest of post-Soviet
Armenia,2021,1.7095,Caucasus,Rest of post-Soviet
Armenia,2022,1.719447,Caucasus,Rest of post-Soviet
Armenia,2023,1.713989,Caucasus,Rest of post-Soviet
Azerbaijan,2000,1.698,Caucasus,Rest of post-Soviet
Azerbaijan,2001,1.5895,Caucasus,Rest of post-Soviet
Azerbaijan,2002,1.5765,Caucasus,Rest of post-Soviet
Azerbaijan,2003,1.590928,Caucasus,Rest of post-Soviet
Azerbaijan,2004,1.965471,Caucasus,Rest of post-Soviet
Azerbaijan,2005,1.98187,Caucasus,Rest of post-Soviet
Azerbaijan,2006,2.019311,Caucasus,Rest of post-Soviet
Azerbaijan,2007,1.96811,Caucasus,Rest of post-Soviet
Azerbaijan,2008,1.90432,Caucasus,Rest of post-Soviet
Azerbaijan,2009,1.82076,Caucasus,Rest of post-Soviet
Azerbaijan,2010,1.924,Caucasus,Rest of post-Soviet
Azerbaijan,2011,1.98,Caucasus,Rest of post-Soviet
Azerbaijan,2012,2.141852,Caucasus,Rest of post-Soviet
Azerbaijan,2013,2.147511,Caucasus,Rest of post-Soviet
Azerbaijan,2014,2.130517,Caucasus,Rest of post-Soviet
Azerbaijan,2015,2.091657,Caucasus,Rest of post-Soviet
Azerbaijan,2016,2.032279,Caucasus,Rest of post-Soviet
Azerbaijan,2017,1.961045,Caucasus,Rest of post-Soviet
Azerbaijan,2018,1.905225,Caucasus,Rest of post-Soviet
Azerbaijan,2019,1.845177,Caucasus,Rest of post-Soviet
Azerbaijan,2020,1.764272,Caucasus,Rest of post-Soviet
Azerbaijan,2021,1.710071,Caucasus,Rest of post-Soviet
Azerbaijan,2022,1.687181,Caucasus,Rest of post-Soviet
Azerbaijan,2023,1.670472,Caucasus,Rest of post-Soviet
Georgia,2000,1.609324,Caucasus,Rest of post-Soviet
Georgia,2001,1.579177,Caucasus,Rest of post-Soviet
Georgia,2002,1.570594,Caucasus,Rest of post-Soviet
Georgia,2003,1.551747,Caucasus,Rest of post-Soviet
Georgia,2004,1.565929,Caucasus,Rest of post-Soviet
Georgia,2005,1.583265,Caucasus,Rest of post-Soviet
Georgia,2006,1.616842,Caucasus,Rest of post-Soviet
Georgia,2007,1.6968,Caucasus,Rest of post-Soviet
Georgia,2008,1.831635,Caucasus,Rest of post-Soviet
Georgia,2009,1.9926,Caucasus,Rest of post-Soviet
Georgia,2010,1.9728,Caucasus,Rest of post-Soviet
Georgia,2011,1.915175,Caucasus,Rest of post-Soviet
Georgia,2012,1.929131,Caucasus,Rest of post-Soviet
Georgia,2013,1.992728,Caucasus,Rest of post-Soviet
Georgia,2014,2.18,Caucasus,Rest of post-Soviet
Georgia,2015,2.21445,Caucasus,Rest of post-Soviet
Georgia,2016,2.22789,Caucasus,Rest of post-Soviet
Georgia,2017,2.13639,Caucasus,Rest of post-Soviet
Georgia,2018,2.09321,Caucasus,Rest of post-Soviet
Georgia,2019,2.02114,Caucasus,Rest of post-Soviet
Georgia,2020,1.9759,Caucasus,Rest of post-Soviet
Georgia,2021,1.98,Caucasus,Rest of post-Soviet
Georgia,2022,1.82,Caucasus,Rest of post-Soviet
Georgia,2023,1.81,Caucasus,Rest of post-Soviet
Kazakhstan,2000,1.89809,Central Asia,Central Asia
Kazakhstan,2001,1.905696,Central Asia,Central Asia
Kazakhstan,2002,1.95617,Central Asia,Central Asia
Kazakhstan,2003,2.075107,Central Asia,Central Asia
Kazakhstan,2004,2.201442,Central Asia,Central Asia
Kazakhstan,2005,2.274309,Central Asia,Central Asia
Kazakhstan,2006,2.38042,Central Asia,Central Asia
Kazakhstan,2007,2.49025,Central Asia,Central Asia
Kazakhstan,2008,2.616441,Central Asia,Central Asia
Kazakhstan,2009,2.579726,Central Asia,Central Asia
Kazakhstan,2010,2.61,Central Asia,Central Asia
Kazakhstan,2011,2.605,Central Asia,Central Asia
Kazakhstan,2012,2.64,Central Asia,Central Asia
Kazakhstan,2013,2.67,Central Asia,Central Asia
Kazakhstan,2014,2.76,Central Asia,Central Asia
Kazakhstan,2015,2.755,Central Asia,Central Asia
Kazakhstan,2016,2.795,Central Asia,Central Asia
Kazakhstan,2017,2.745,Central Asia,Central Asia
Kazakhstan,2018,2.845,Central Asia,Central Asia
Kazakhstan,2019,2.89,Central Asia,Central Asia
Kazakhstan,2020,3.13,Central Asia,Central Asia
Kazakhstan,2021,3.32,Central Asia,Central Asia
Kazakhstan,2022,3.05,Central Asia,Central Asia
Kazakhstan,2023,3.012421,Central Asia,Central Asia
Kyrgyzstan,2000,2.576373,Central Asia,Central Asia
Kyrgyzstan,2001,2.545637,Central Asia,Central Asia
Kyrgyzstan,2002,2.565579,Central Asia,Central Asia
Kyrgyzstan,2003,2.595357,Central Asia,Central Asia
Kyrgyzstan,2004,2.630736,Central Asia,Central Asia
Kyrgyzstan,2005,2.644842,Central Asia,Central Asia
Kyrgyzstan,2006,2.743576,Central Asia,Central Asia
Kyrgyzstan,2007,2.780943,Central Asia,Central Asia
Kyrgyzstan,2008,2.838361,Central Asia,Central Asia
Kyrgyzstan,2009,2.954713,Central Asia,Central Asia
Kyrgyzstan,2010,3.09639,Central Asia,Central Asia
Kyrgyzstan,2011,3.140412,Central Asia,Central Asia
Kyrgyzstan,2012,3.182737,Central Asia,Central Asia
Kyrgyzstan,2013,3.149759,Central Asia,Central Asia
Kyrgyzstan,2014,3.209546,Central Asia,Central Asia
Kyrgyzstan,2015,3.208325,Central Asia,Central Asia
Kyrgyzstan,2016,3.104141,Central Asia,Central Asia
Kyrgyzstan,2017,3.043527,Central Asia,Central Asia
Kyrgyzstan,2018,3.28,Central Asia,Central Asia
Kyrgyzstan,2019,3.33,Central Asia,Central Asia
Kyrgyzstan,2020,3.05,Central Asia,Central Asia
Kyrgyzstan,2021,2.89,Central Asia,Central Asia
Kyrgyzstan,2022,2.81,Central Asia,Central Asia
Kyrgyzstan,2023,2.8,Central Asia,Central Asia
Tajikistan,2000,3.49,Central Asia,Central Asia
Tajikistan,2001,3.49,Central Asia,Central Asia
Tajikistan,2002,3.47,Central Asia,Central Asia
Tajikistan,2003,3.42,Central Asia,Central Asia
Tajikistan,2004,3.507367,Central Asia,Central Asia
Tajikistan,2005,3.397875,Central Asia,Central Asia
Tajikistan,2006,3.341013,Central Asia,Central Asia
Tajikistan,2007,3.367402,Central Asia,Central Asia
Tajikistan,2008,3.388089,Central Asia,Central Asia
Tajikistan,2009,3.429676,Central Asia,Central Asia
Tajikistan,2010,3.456939,Central Asia,Central Asia
Tajikistan,2011,3.456335,Central Asia,Central Asia
Tajikistan,2012,3.421208,Central Asia,Central Asia
Tajikistan,2013,3.432918,Central Asia,Central Asia
Tajikistan,2014,3.459384,Central Asia,Central Asia
Tajikistan,2015,3.458874,Central Asia,Central Asia
Tajikistan,2016,3.384335,Central Asia,Central Asia
Tajikistan,2017,3.290289,Central Asia,Central Asia
Tajikistan,2018,3.294309,Central Asia,Central Asia
Tajikistan,2019,3.281065,Central Asia,Central Asia
Tajikistan,2020,3.211409,Central Asia,Central Asia
Tajikistan,2021,3.16958,Central Asia,Central Asia
Tajikistan,2022,3.126816,Central Asia,Central Asia
Tajikistan,2023,3.072325,Central Asia,Central Asia
Uzbekistan,2000,2.696102,Central Asia,Central Asia
Uzbekistan,2001,2.609737,Central Asia,Central Asia
Uzbekistan,2002,2.574738,Central Asia,Central Asia
Uzbekistan,2003,2.503429,Central Asia,Central Asia
Uzbekistan,2004,2.496159,Central Asia,Central Asia
Uzbekistan,2005,2.4381,Central Asia,Central Asia
Uzbekistan,2006,2.461132,Central Asia,Central Asia
Uzbekistan,2007,2.573356,Central Asia,Central Asia
Uzbekistan,2008,2.634888,Central Asia,Central Asia
Uzbekistan,2009,2.559144,Central Asia,Central Asia
Uzbekistan,2010,2.44213,Central Asia,Central Asia
Uzbekistan,2011,2.353628,Central Asia,Central Asia
Uzbekistan,2012,2.336733,Central Asia,Central Asia
Uzbekistan,2013,2.445493,Central Asia,Central Asia
Uzbekistan,2014,2.546374,Central Asia,Central Asia
Uzbekistan,2015,2.582871,Central Asia,Central Asia
Uzbekistan,2016,2.564492,Central Asia,Central Asia
Uzbekistan,2017,2.570115,Central Asia,Central Asia
Uzbekistan,2018,2.712941,Central Asia,Central Asia
Uzbekistan,2019,2.869214,Central Asia,Central Asia
Uzbekistan,2020,3.062255,Central Asia,Central Asia
Uzbekistan,2021,3.272864,Central Asia,Central Asia
Uzbekistan,2022,3.396064,Central Asia,Central Asia
Uzbekistan,2023,3.5,Central Asia,Central Asia
Belarus,2000,1.272026,Eastern European,Rest of post-Soviet
Belarus,2001,1.241296,Eastern European,Rest of post-Soviet
Belarus,2002,1.202037,Eastern European,Rest of post-Soviet
Belarus,2003,1.191985,Eastern European,Rest of post-Soviet
Belarus,2004,1.195872,Eastern European,Rest of post-Soviet
Belarus,2005,1.220702,Eastern European,Rest of post-Soviet
Belarus,2006,1.305459,Eastern European,Rest of post-Soviet
Belarus,2007,1.393832,Eastern European,Rest of post-Soviet
Belarus,2008,1.448514,Eastern European,Rest of post-Soviet
Belarus,2009,1.481058,Eastern European,Rest of post-Soviet
Belarus,2010,1.478168,Eastern European,Rest of post-Soviet
Belarus,2011,1.524056,Eastern European,Rest of post-Soviet
Belarus,2012,1.623373,Eastern European,Rest of post-Soviet
Belarus,2013,1.673131,Eastern European,Rest of post-Soviet
Belarus,2014,1.701985,Eastern European,Rest of post-Soviet
Belarus,2015,1.728063,Eastern European,Rest of post-Soviet
Belarus,2016,1.727121,Eastern European,Rest of post-Soviet
Belarus,2017,1.549854,Eastern European,Rest of post-Soviet
Belarus,2018,1.457408,Eastern European,Rest of post-Soviet
Belarus,2019,1.389239,Eastern European,Rest of post-Soviet
Belarus,2020,1.369058,Eastern European,Rest of post-Soviet
Belarus,2021,1.370554,Eastern European,Rest of post-Soviet
Belarus,2022,1.326413,Eastern European,Rest of post-Soviet
Belarus,2023,1.207569,Eastern European,Rest of post-Soviet
Moldova,2000,1.496288,Eastern European,Rest of post-Soviet
Moldova,2001,1.470664,Eastern European,Rest of post-Soviet
Moldova,2002,1.447661,Eastern European,Rest of post-Soviet
Moldova,2003,1.479474,Eastern European,Rest of post-Soviet
Moldova,2004,1.543093,Eastern European,Rest of post-Soviet
Moldova,2005,1.527853,Eastern European,Rest of post-Soviet
Moldova,2006,1.536956,Eastern European,Rest of post-Soviet
Moldova,2007,1.574659,Eastern European,Rest of post-Soviet
Moldova,2008,1.637536,Eastern European,Rest of post-Soviet
Moldova,2009,1.718999,Eastern European,Rest of post-Soviet
Moldova,2010,1.703264,Eastern European,Rest of post-Soviet
Moldova,2011,1.650123,Eastern European,Rest of post-Soviet
Moldova,2012,1.661143,Eastern European,Rest of post-Soviet
Moldova,2013,1.621657,Eastern European,Rest of post-Soviet
Moldova,2014,1.82,Eastern European,Rest of post-Soviet
Moldova,2015,1.87,Eastern European,Rest of post-Soviet
Moldova,2016,1.89,Eastern European,Rest of post-Soviet
Moldova,2017,1.81,Eastern European,Rest of post-Soviet
Moldova,2018,1.81,Eastern European,Rest of post-Soviet
Moldova,2019,1.78,Eastern European,Rest of post-Soviet
Moldova,2020,1.77,Eastern European,Rest of post-Soviet
Moldova,2021,1.7505,Eastern European,Rest of post-Soviet
Moldova,2022,1.694409,Eastern European,Rest of post-Soviet
Moldova,2023,1.730637,Eastern European,Rest of post-Soviet
Russia,2000,1.189782,Eastern European,Rest of post-Soviet
Russia,2001,1.220712,Eastern European,Rest of post-Soviet
Russia,2002,1.287229,Eastern European,Rest of post-Soviet
Russia,2003,1.333674,Eastern European,Rest of post-Soviet
Russia,2004,1.345017,Eastern European,Rest of post-Soviet
Russia,2005,1.298916,Eastern European,Rest of post-Soviet
Russia,2006,1.314641,Eastern European,Rest of post-Soviet
Russia,2007,1.427691,Eastern European,Rest of post-Soviet
Russia,2008,1.517152,Eastern European,Rest of post-Soviet
Russia,2009,1.558792,Eastern European,Rest of post-Soviet
Russia,2010,1.585282,Eastern European,Rest of post-Soviet
Russia,2011,1.600857,Eastern European,Rest of post-Soviet
Russia,2012,1.708244,Eastern European,Rest of post-Soviet
Russia,2013,1.724581,Eastern European,Rest of post-Soviet
Russia,2014,1.766485,Eastern European,Rest of post-Soviet
Russia,2015,1.790093,Eastern European,Rest of post-Soviet
Russia,2016,1.773402,Eastern European,Rest of post-Soviet
Russia,2017,1.626532,Eastern European,Rest of post-Soviet
Russia,2018,1.581342,Eastern European,Rest of post-Soviet
Russia,2019,1.504,Eastern European,Rest of post-Soviet
Russia,2020,1.505,Eastern European,Rest of post-Soviet
Russia,2021,1.505,Eastern European,Rest of post-Soviet
Russia,2022,1.452,Eastern European,Rest of post-Soviet
Russia,2023,1.449,Eastern European,Rest of post-Soviet
Ukraine,2000,1.108471,Eastern European,Rest of post-Soviet
Ukraine,2001,1.09163,Eastern European,Rest of post-Soviet
Ukraine,2002,1.126666,Eastern European,Rest of post-Soviet
Ukraine,2003,1.173023,Eastern European,Rest of post-Soviet
Ukraine,2004,1.214726,Eastern European,Rest of post-Soviet
Ukraine,2005,1.220777,Eastern European,Rest of post-Soviet
Ukraine,2006,1.296785,Eastern European,Rest of post-Soviet
Ukraine,2007,1.342733,Eastern European,Rest of post-Soviet
Ukraine,2008,1.444171,Eastern European,Rest of post-Soviet
Ukraine,2009,1.469502,Eastern European,Rest of post-Soviet
Ukraine,2010,1.436126,Eastern European,Rest of post-Soviet
Ukraine,2011,1.464018,Eastern European,Rest of post-Soviet
Ukraine,2012,1.528347,Eastern European,Rest of post-Soviet
Ukraine,2013,1.515169,Eastern European,Rest of post-Soviet
Ukraine,2014,1.466096,Eastern European,Rest of post-Soviet
Ukraine,2015,1.386783,Eastern European,Rest of post-Soviet
Ukraine,2016,1.391451,Eastern European,Rest of post-Soviet
Ukraine,2017,1.299933,Eastern European,Rest of post-Soviet
Ukraine,2018,1.233007,Eastern European,Rest of post-Soviet
Ukraine,2019,1.217631,Eastern European,Rest of post-Soviet
Ukraine,2020,1.208113,Eastern European,Rest of post-Soviet
Ukraine,2021,1.147523,Eastern European,Rest of post-Soviet
Ukraine,2022,0.897,Eastern European,Rest of post-Soviet
Ukraine,2023,0.977,Eastern European,Rest of post-Soviet
