country,year,tfr,subgroup,bloc,gdp_per_capita_usd,urban_pop_pct,flfp_pct,remittances_gdp_pct,female_tert_educ_pct,gdp_per_capita_usd_interp,urban_pop_pct_interp,flfp_pct_interp,remittances_gdp_pct_interp,female_tert_educ_pct_interp
Armenia,2000,1.469829,Caucasus,Rest of post-Soviet,593.450581742282,64.959237917436,54.459,9.52937131880005,36.458179473877,False,False,False,False,False
Armenia,2001,1.402,Caucasus,Rest of post-Soviet,659.588988535629,64.8228123790872,54.317,9.87694921780921,35.4469299316406,False,False,False,False,False
Armenia,2002,1.405,Caucasus,Rest of post-Soviet,742.651118319819,64.7396211980252,54.029,11.1049155369612,38.3072319030762,False,False,False,False,False
Armenia,2003,1.472834,Caucasus,Rest of post-Soviet,882.030167695474,64.6663537455064,53.753,11.9648272324739,38.8413581848145,False,False,False,False,False
Armenia,2004,1.490542,Caucasus,Rest of post-Soviet,1130.08791444158,64.5972633621116,53.518,22.0185694314846,41.1221504211426,False,False,False,False,False
Armenia,2005,1.492145,Caucasus,Rest of post-Soviet,1557.48458908655,64.5334210637509,53.338,18.6763974290117,43.0884094238281,False,False,False,False,False
Armenia,2006,1.494005,Caucasus,Rest of post-Soviet,2041.65267068997,64.4758978663344,53.243,18.3128176140903,46.5598487854004,False,False,False,False,False
Armenia,2007,1.519056,Caucasus,Rest of post-Soviet,2962.70234594569,64.4257647857723,53.273,17.86140864212,49.5892791748047,False,False,False,False,False
Armenia,2008,1.541028,Caucasus,Rest of post-Soviet,3777.66859313767,64.3840928379746,52.96,16.3270491787545,51.9514617919922,False,False,False,False,False
Armenia,2009,1.574183,Caucasus,Rest of post-Soviet,2820.5926553347,64.3519530388516,54.373,16.6491640509821,53.7788314819336,False,False,False,False,False
Armenia,2010,1.587759,Caucasus,Rest of post-Soviet,3041.34450723339,64.3304164043132,54.4,18.0268391620613,54.9448066404822,False,False,False,False,False
Armenia,2011,1.615303,Caucasus,Rest of post-Soviet,3349.55309771906,64.3207449145194,54.222,17.7342226487981,54.928687049735,False,False,False,False,False
Armenia,2012,1.647433,Caucasus,Rest of post-Soviet,3511.56399687426,64.3268379506998,53.928,18.0330178717679,47.6724416529669,False,False,False,False,False
Armenia,2013,1.668943,Caucasus,Rest of post-Soviet,3680.16692158886,64.3584061131466,53.878,19.7113773941979,47.2975713824265,False,False,False,False,False
Armenia,2014,1.663358,Caucasus,Rest of post-Soviet,3852.11800610384,64.4142934233291,53.835,17.9044398383763,50.7360867668963,False,False,False,False,False
Armenia,2015,1.62067,Caucasus,Rest of post-Soviet,3512.39350276709,64.4929623431549,53.826,14.1327414277054,53.1382998072096,False,False,False,False,False
Armenia,2016,1.6248,Caucasus,Rest of post-Soviet,3524.42476874707,64.5928753345316,53.881,13.1074628255062,60.9481935381187,False,False,False,False,False
Armenia,2017,1.56087,Caucasus,Rest of post-Soviet,3869.05373867752,64.7124948593667,53.766,13.3477446383999,62.0346194758727,False,False,False,False,False
Armenia,2018,1.56746,Caucasus,Rest of post-Soviet,4196.00562301769,64.8502833795679,53.631,11.9427034082853,65.0200757141218,False,False,False,False,False
Armenia,2019,1.60075,Caucasus,Rest of post-Soviet,4597.22887399548,65.0047033570428,50.799,11.2189210772298,59.9717740488692,False,False,False,False,False
Armenia,2020,1.619121,Caucasus,Rest of post-Soviet,4268.68093304583,65.174217253699,54.317,10.4970552541265,59.5712079237049,False,False,False,False,False
Armenia,2021,1.7095,Caucasus,Rest of post-Soviet,4685.17997128509,65.3572875314441,55.118,11.2171827452107,63.5877617542473,False,False,False,False,False
Armenia,2022,1.719447,Caucasus,Rest of post-Soviet,6571.97445545099,65.5624462874485,50.24,10.8688335174113,64.0635593742681,False,False,False,False,False
Armenia,2023,1.713989,Caucasus,Rest of post-Soviet,8159.08720967996,65.6956882008852,51.517,6.39621098617553,63.8260087137715,False,False,False,False,False
Azerbaijan,2000,1.698,Caucasus,Rest of post-Soviet,655.097249579917,51.1320838928223,72.205,1.08356085483563,20.2459392547607,False,False,False,False,True
Azerbaijan,2001,1.5895,Caucasus,Rest of post-Soviet,703.670998584686,51.1584815979004,70.283,1.82431677750395,20.2459392547607,False,False,False,False,True
Azerbaijan,2002,1.5765,Caucasus,Rest of post-Soviet,763.108895463487,51.2144165039062,68.823,2.61890157505979,20.2459392547607,False,False,False,False,True
Azerbaijan,2003,1.590928,Caucasus,Rest of post-Soviet,883.692580745256,51.7257995605469,66.626,2.14332251762401,20.2459392547607,False,False,False,False,True
Azerbaijan,2004,1.965471,Caucasus,Rest of post-Soviet,1045.0136328106,52.2831993103027,64.222,2.34525903598978,20.2459392547607,False,False,False,False,True
Azerbaijan,2005,1.98187,Caucasus,Rest of post-Soviet,1578.36733030667,52.5028533935547,62.978,4.70528614042723,20.2459392547607,False,False,False,False,True
Azerbaijan,2006,2.019311,Caucasus,Rest of post-Soviet,2472.95725732287,52.6540145874023,61.162,3.7661645945845,20.2459392547607,False,False,False,False,False
Azerbaijan,2007,1.96811,Caucasus,Rest of post-Soviet,3851.33015175141,52.8281555175781,56.405,3.83587676218684,19.5503005981445,False,False,False,False,False
Azerbaijan,2008,1.90432,Caucasus,Rest of post-Soviet,5574.46810432575,53.063304901123,56.428,3.10805893221251,18.8704299926758,False,False,False,False,False
Azerbaijan,2009,1.82076,Caucasus,Rest of post-Soviet,4950.39949009423,53.1358125434574,58.092,2.8326399787509,18.9310798645019,False,False,False,False,False
Azerbaijan,2010,1.924,Caucasus,Rest of post-Soviet,5843.5337683582,53.2848367714869,59.793,2.66549763240316,19.156384960805,False,False,False,False,False
Azerbaijan,2011,1.98,Caucasus,Rest of post-Soviet,7189.81869211976,53.5085461893249,59.434,2.87035592504128,19.8081753121935,False,False,False,False,False
Azerbaijan,2012,2.141852,Caucasus,Rest of post-Soviet,7495.86527658099,53.8076442276208,59.237,2.85617334250334,20.9255282801565,False,False,False,False,False
Azerbaijan,2013,2.147511,Caucasus,Rest of post-Soviet,7875.34536661549,54.1821087431318,59.364,2.33704815215702,22.6238191680712,False,False,False,False,False
Azerbaijan,2014,2.130517,Caucasus,Rest of post-Soviet,7890.84028062087,54.6319175926151,60.244,2.45405271812669,24.7532298312252,False,False,False,False,False
Azerbaijan,2015,2.091657,Caucasus,Rest of post-Soviet,5500.50364628486,55.1570486328276,61.096,2.3927167997352,27.4807769396159,False,False,False,False,False
Azerbaijan,2016,2.032279,Caucasus,Rest of post-Soviet,3880.6852276838,55.7574797205266,62.043,1.69843941411199,29.6923732190209,False,False,False,False,False
Azerbaijan,2017,1.961045,Caucasus,Rest of post-Soviet,4147.1981423222,56.4331887124691,62.213,2.77334116720313,30.6803624184079,False,False,False,False,False
Azerbaijan,2018,1.905225,Caucasus,Rest of post-Soviet,4739.7943123408,57.1841534654123,62.63,2.60183768470009,31.1815621748774,False,False,False,False,False
Azerbaijan,2019,1.845177,Caucasus,Rest of post-Soviet,4805.75371765917,58.1308191977779,62.441,2.64699324657026,35.7022256823301,False,False,False,False,False
Azerbaijan,2020,1.764272,Caucasus,Rest of post-Soviet,4229.91064904503,58.2934691761937,64.382,3.2864567961961,39.2257883250787,False,False,False,False,False
Azerbaijan,2021,1.710071,Caucasus,Rest of post-Soviet,5408.04535175023,58.3659969744818,61.174,2.78454087413308,42.5577584033335,False,False,False,False,False
Azerbaijan,2022,1.687181,Caucasus,Rest of post-Soviet,7770.594223351,58.4382815854684,62.165,5.012251973723,44.8693099737731,False,False,False,False,False
Azerbaijan,2023,1.670472,Caucasus,Rest of post-Soviet,7133.02838048328,58.5075350483702,61.748,2.64096975190127,46.1470602336471,False,False,False,False,False
Belarus,2000,1.272026,Slavic,Rest of post-Soviet,1276.2880341,69.9172295434732,53.472,0.896610533841336,62.6487808227539,False,False,False,False,False
Belarus,2001,1.241296,Slavic,Rest of post-Soviet,1244.37318523431,70.3147201538086,54.121,0.543917266438404,65.0250396728516,False,False,False,False,False
Belarus,2002,1.202037,Slavic,Rest of post-Soviet,1479.38066337175,70.8804702758789,54.578,0.552247667216307,68.3930892944336,False,False,False,False,False
Belarus,2003,1.191985,Slavic,Rest of post-Soviet,1819.52653114699,71.3092422485352,54.932,0.920594142453945,71.7289276123047,False,False,False,False,False
Belarus,2004,1.195872,Slavic,Rest of post-Soviet,2378.33700470129,71.7658538818359,55.18,1.034502146352,73.3427886962891,False,False,False,False,False
Belarus,2005,1.220702,Slavic,Rest of post-Soviet,3126.07176665248,72.0310134887695,55.418,0.657396214062099,75.9345474243164,False,False,False,False,False
Belarus,2006,1.305459,Slavic,Rest of post-Soviet,3848.22350300163,72.6113815307617,55.723,0.725612161429094,79.4934234619141,False,False,False,False,False
Belarus,2007,1.393832,Slavic,Rest of post-Soviet,4735.48107556066,73.0913467407227,56.055,0.636765248499207,83.7997894287109,False,False,False,False,False
Belarus,2008,1.448514,Slavic,Rest of post-Soviet,6376.17569162063,73.5531692504883,56.488,0.960131319014907,85.5074920654297,False,False,False,False,False
Belarus,2009,1.481058,Slavic,Rest of post-Soviet,5352.48809190697,74.1909646620571,56.961,0.990305944135918,90.4933700561523,False,False,False,False,False
Belarus,2010,1.478168,Slavic,Rest of post-Soviet,6034.67885177216,74.5501403808594,57.407,1.00520855385655,95.3766859764508,False,False,False,False,False
Belarus,2011,1.524056,Slavic,Rest of post-Soviet,6527.6593428786,75.0597534179688,57.832,1.44197805594884,103.172948286202,False,False,False,False,False
Belarus,2012,1.623373,Slavic,Rest of post-Soviet,6953.21591683101,75.5281066894531,58.162,1.60323623987362,109.531699203018,False,False,False,False,False
Belarus,2013,1.673131,Slavic,Rest of post-Soviet,7998.0802045456,75.94970703125,58.402,1.60669829212816,110.320258557367,False,False,False,False,False
Belarus,2014,1.701985,Slavic,Rest of post-Soviet,8341.31809294883,76.3405227661133,58.566,1.56230434080626,108.158226045773,False,False,False,False,False
Belarus,2015,1.728063,Slavic,Rest of post-Soviet,5967.05595058777,76.6263885498047,58.668,1.64999344176125,107.505425804153,False,False,False,False,False
Belarus,2016,1.727121,Slavic,Rest of post-Soviet,5039.77560949445,76.8458709716797,58.75,2.04636934122529,103.779106864839,False,False,False,False,False
Belarus,2017,1.549854,Slavic,Rest of post-Soviet,5785.54491935194,77.0208206176758,58.591,2.29107483588373,99.7123512750371,False,False,False,False,False
Belarus,2018,1.457408,Slavic,Rest of post-Soviet,6360.037502312,77.2132720947266,58.081,2.40842124890758,92.1089007484019,False,False,False,False,False
Belarus,2019,1.389239,Slavic,Rest of post-Soviet,6837.77339645635,77.4550771852757,58.277,2.20275770985534,86.6836374430497,False,False,False,False,False
Belarus,2020,1.369058,Slavic,Rest of post-Soviet,6542.85579976768,77.7890385790408,57.884,1.65173922227239,85.3012885902356,False,False,False,False,False
Belarus,2021,1.370554,Slavic,Rest of post-Soviet,7489.71894713888,78.131086803694,58.024,1.95829075886733,84.1475046521849,False,False,False,False,False
Belarus,2022,1.326413,Slavic,Rest of post-Soviet,7994.64806074889,78.4732787892908,57.892,2.51903986221285,82.6085502906297,False,False,False,False,False
Belarus,2023,1.207569,Slavic,Rest of post-Soviet,7896.75388295584,78.8146420666327,57.417,2.32727539479038,78.4458374741992,False,False,False,False,False
Estonia,2000,1.347264,Baltic,Rest of post-Soviet,4070.60902410208,67.385529072627,52.575,0.0712666387766335,72.8319702148438,False,False,False,False,True
Estonia,2001,1.315406,Baltic,Rest of post-Soviet,4502.66614992392,67.3926456349791,51.986,0.176325007110157,72.8319702148438,False,False,False,False,False
Estonia,2002,1.353164,Baltic,Rest of post-Soviet,5343.18310760735,67.4090870965661,51.03,0.259819126338696,78.0993270874023,False,False,False,False,False
Estonia,2003,1.364778,Baltic,Rest of post-Soviet,7205.40703313243,67.4341760348669,52.274,0.518470913867566,81.3653411865234,False,False,False,False,False
Estonia,2004,1.464967,Baltic,Rest of post-Soviet,8916.0728274602,67.467351453949,53.198,1.37364276049152,83.4526672363281,False,False,False,False,False
Estonia,2005,1.514667,Baltic,Rest of post-Soviet,10414.6381183565,67.5080523578799,53.512,1.80452851603841,85.8611526489258,False,False,False,False,False
Estonia,2006,1.582784,Baltic,Rest of post-Soviet,12641.4800976473,67.5557177507269,54.656,2.30322072048345,86.9582290649414,False,False,False,False,False
Estonia,2007,1.684803,Baltic,Rest of post-Soviet,16745.4308011148,67.6097866365576,54.019,1.69834419061507,86.4641723632812,False,False,False,False,False
Estonia,2008,1.718613,Baltic,Rest of post-Soviet,18205.9064113446,67.6696980194394,54.784,1.7102671944637,86.0773468017578,False,False,False,False,False
Estonia,2009,1.700792,Baltic,Rest of post-Soviet,14712.4494217916,67.7348909034398,54.714,1.73195269947209,86.6803131103516,False,False,False,False,False
Estonia,2010,1.715837,Baltic,Rest of post-Soviet,14663.7041018705,67.8048042926262,55.069,1.8289159181023,86.5966186523438,False,False,False,False,False
Estonia,2011,1.615645,Baltic,Rest of post-Soviet,17555.5455239426,67.8775556334506,55.617,1.88230425106787,87.6725387573242,False,False,False,False,False
Estonia,2012,1.561469,Baltic,Rest of post-Soviet,17568.2137969714,67.9629593320316,55.38,1.98247424575578,89.1516571044922,False,False,False,False,False
Estonia,2013,1.5239,Baltic,Rest of post-Soviet,19310.3874900757,68.0923458296768,55.341,2.21914951049391,91.3113708496094,False,False,False,False,False
Estonia,2014,1.542711,Baltic,Rest of post-Soviet,20581.7898991695,68.2668382808032,54.54,2.01038525239817,92.3339004516602,False,False,False,False,False
Estonia,2015,1.580458,Baltic,Rest of post-Soviet,17722.1557669523,68.4796609690553,55.747,1.96158904837248,89.8572006225586,False,False,False,False,False
Estonia,2016,1.603494,Baltic,Rest of post-Soviet,18666.3736521706,68.724038178078,56.295,1.98070961291692,87.7629165649414,False,False,False,False,False
Estonia,2017,1.595724,Baltic,Rest of post-Soviet,20851.5223496861,68.9931941915158,57.006,1.83873745060341,86.8601989746094,False,False,False,False,False
Estonia,2018,1.670176,Baltic,Rest of post-Soviet,23618.1361254581,69.2803532930133,57.281,1.82689423284705,86.4550094604492,False,False,False,False,False
Estonia,2019,1.661437,Baltic,Rest of post-Soviet,24021.2501413306,69.5787397662154,57.34,1.70019299478304,87.2835311889648,False,False,False,False,False
Estonia,2020,1.587592,Baltic,Rest of post-Soviet,23933.9939421065,69.8815778947665,57.133,1.59281791364911,87.1761779785156,False,False,False,False,False
Estonia,2021,1.59408,Baltic,Rest of post-Soviet,27951.1659277744,70.1777274135822,57.777,1.58570663884137,88.8946762084961,False,False,False,False,False
Estonia,2022,1.41,Baltic,Rest of post-Soviet,28340.3826549406,70.4892333736738,60.138,1.22967848244244,86.7908935546875,False,False,False,False,False
Estonia,2023,1.35,Baltic,Rest of post-Soviet,30264.0064885057,70.6770085523126,61.049,1.17495352017049,81.3784027099609,False,False,False,False,False
Georgia,2000,1.609324,Caucasus,Rest of post-Soviet,749.908534993961,52.4935999592259,68.205,6.73529202312621,39.1737403869629,False,False,False,False,False
Georgia,2001,1.579177,Caucasus,Rest of post-Soviet,801.98383707929,52.4098165040349,67.319,6.79115752466275,40.0761413574219,False,False,False,False,False
Georgia,2002,1.570594,Caucasus,Rest of post-Soviet,853.526171868939,52.4127676027039,66.464,6.66503181205268,43.0371513366699,False,False,False,False,False
Georgia,2003,1.551747,Caucasus,Rest of post-Soviet,1010.03151630868,52.5144705663341,65.003,6.22476000287562,43.2041015625,False,False,False,False,False
Georgia,2004,1.565929,Caucasus,Rest of post-Soviet,1305.04748557208,52.7173199317225,64.224,6.99638215069328,44.0196800231934,False,False,False,False,False
Georgia,2005,1.583265,Caucasus,Rest of post-Soviet,1642.78359414797,53.0036280624359,63.093,6.95697266099558,49.0268402099609,False,False,False,False,False
Georgia,2006,1.616842,Caucasus,Rest of post-Soviet,1996.02013272284,53.3593916521584,62.089,8.09978657953664,43.1696281433105,False,False,False,False,False
Georgia,2007,1.6968,Caucasus,Rest of post-Soviet,2635.36650276116,53.7706073945741,60.953,8.68054072402569,42.0736694335938,False,False,False,False,False
Georgia,2008,1.831635,Caucasus,Rest of post-Soviet,3324.7537205015,54.2232719833673,60.721,8.3236359191983,40.7785987854004,False,False,False,False,False
Georgia,2009,1.9926,Caucasus,Rest of post-Soviet,2822.68939668797,54.7033821122222,60.943,10.3243983088381,30.7644805908203,False,False,False,False,False
Georgia,2010,1.9728,Caucasus,Rest of post-Soviet,3281.72930937343,55.1969344748228,60.384,9.52719496152171,35.4432914618605,False,False,False,False,False
Georgia,2011,1.915175,Caucasus,Rest of post-Soviet,4119.66818307193,55.6899257648533,59.769,9.99835475121327,38.3894771843667,False,False,False,False,False
Georgia,2012,1.929131,Caucasus,Rest of post-Soviet,4530.69533409431,56.1683526759979,59.313,10.4775310757486,37.2198781059541,False,False,False,False,False
Georgia,2013,1.992728,Caucasus,Rest of post-Soviet,4712.00229382665,56.6182119019407,59.008,11.1047071149006,45.0691336488554,False,False,False,False,False
Georgia,2014,2.18,Caucasus,Rest of post-Soviet,4830.33486170249,57.0237612994258,58.811,11.056847673479,50.8549589145805,False,False,False,False,False
Georgia,2015,2.21445,Caucasus,Rest of post-Soviet,4086.6223465965,57.3803800455672,58.678,9.5819813727681,56.2940888308295,False,False,False,False,False
Georgia,2016,2.22789,Caucasus,Rest of post-Soviet,4143.40125686315,57.6984032005062,58.551,9.84674425354464,61.2539265889238,False,False,False,False,False
Georgia,2017,2.13639,Caucasus,Rest of post-Soviet,4418.75206546679,57.9996827205757,58.382,10.890132380253,66.1567398119122,False,False,False,False,False
Georgia,2018,2.09321,Caucasus,Rest of post-Soviet,4804.0546040444,58.3038181862576,55.742,11.3631244569541,68.5508545862952,False,False,False,False,False
Georgia,2019,2.02114,Caucasus,Rest of post-Soviet,4741.2832715876,58.6304091780343,54.716,12.8028589642654,72.0135969397417,False,False,False,False,False
Georgia,2020,1.9759,Caucasus,Rest of post-Soviet,4300.85701291207,58.9990552763878,55.206,13.1764161481873,75.0586297121814,False,False,False,False,False
Georgia,2021,1.98,Caucasus,Rest of post-Soviet,5083.60695484577,59.4293560618005,53.055,14.0238156359641,81.26495658881,False,False,False,False,False
Georgia,2022,1.82,Caucasus,Rest of post-Soviet,6729.84659930283,60.0101622679115,55.755,15.4242760609985,84.6260373912433,False,False,False,False,False
Georgia,2023,1.81,Caucasus,Rest of post-Soviet,8283.66960652261,60.7523077799724,56.251,13.6504078223071,84.0958562940011,False,False,False,False,False
Kazakhstan,2000,1.89809,Central Asia,Central Asia,1180.0444563226,56.0239607657944,65.834,0.368863297858754,32.7738990783691,False,False,False,False,False
Kazakhstan,2001,1.905696,Central Asia,Central Asia,1422.27331810957,55.7813717131331,65.29,0.383878450645308,37.706917444864885,False,False,False,False,True
Kazakhstan,2002,1.95617,Central Asia,Central Asia,1573.55219932325,55.5045911261585,64.993,0.451556685268236,42.639935811360665,False,False,False,False,True
Kazakhstan,2003,2.075107,Central Asia,Central Asia,1958.02050246511,55.2115277236592,65.085,0.136856101332743,47.572954177856445,False,False,False,False,True
Kazakhstan,2004,2.201442,Central Asia,Central Asia,2722.47407755402,54.9200902244233,64.826,0.132966722215831,52.50597254435223,False,False,False,False,True
Kazakhstan,2005,2.274309,Central Asia,Central Asia,3577.35804001782,54.6481873472392,64.626,0.108574815738916,57.43899091084802,False,False,False,False,True
Kazakhstan,2006,2.38042,Central Asia,Central Asia,5030.13494711519,54.4137278108953,65.019,0.103192446831978,62.3720092773438,False,False,False,False,False
Kazakhstan,2007,2.49025,Central Asia,Central Asia,6449.43931096532,54.2346203341799,65.859,0.136377234008485,59.833039575152426,False,False,False,False,True
Kazakhstan,2008,2.616441,Central Asia,Central Asia,8123.54705891736,54.1287736358813,66.716,0.0941014656535349,57.294069872961046,False,False,False,False,True
Kazakhstan,2009,2.579726,Central Asia,Central Asia,6938.01175663001,54.1167144748885,66.47,0.171887472539219,54.75510017076967,False,False,False,False,True
Kazakhstan,2010,2.61,Central Asia,Central Asia,8793.07589980782,54.2054127497102,66.333,0.152354119782252,52.2161304685783,False,False,False,False,False
Kazakhstan,2011,2.605,Central Asia,Central Asia,11287.1464926039,54.3996086425518,66.207,0.0932936660895134,56.1058247885356,False,False,False,False,False
Kazakhstan,2012,2.64,Central Asia,Central Asia,12018.7966527993,54.69208192838,66.037,0.136051344243071,58.0417542618071,False,False,False,False,False
Kazakhstan,2013,2.67,Central Asia,Central Asia,13478.459627612,55.0779764821252,65.892,0.144275547930533,50.3136509780666,False,False,False,False,False
Kazakhstan,2014,2.76,Central Asia,Central Asia,12427.7094576939,55.5524361787178,65.71,0.181279445291607,56.2437528967015,False,False,False,False,False
Kazakhstan,2015,2.755,Central Asia,Central Asia,10196.1226255982,56.1106048930882,65.46,0.15959228908192,53.3817275538811,False,False,False,False,False
Kazakhstan,2016,2.795,Central Asia,Central Asia,7475.56688689424,56.7476265001667,65.205,0.27984417174788,49.9797136641103,False,False,False,False,False
Kazakhstan,2017,2.745,Central Asia,Central Asia,8943.08416791984,57.4586448748837,65.018,0.33597213131325,54.9374917142779,False,False,False,False,False
Kazakhstan,2018,2.845,Central Asia,Central Asia,9472.48527327758,58.2388038921695,64.818,0.344618856879696,56.8632416667494,False,False,False,False,False
Kazakhstan,2019,2.89,Central Asia,Central Asia,9457.12614657136,59.0832474269546,64.661,0.278573150811193,62.8662608612947,False,False,False,False,False
Kazakhstan,2020,3.13,Central Asia,Central Asia,8781.50797787648,59.9871193541692,63.607,0.218836862121885,67.9651341780338,False,False,False,False,False
Kazakhstan,2021,3.32,Central Asia,Central Asia,9983.60103576902,61.030254280267,64.068,0.157213071084416,65.0919364629015,False,False,False,False,False
Kazakhstan,2022,3.05,Central Asia,Central Asia,11255.3396437881,61.444157327248,64.743,0.213219830288597,63.15518036521,False,False,False,False,False
Kazakhstan,2023,3.012421,Central Asia,Central Asia,12879.4275257974,61.7560919499181,65.029,0.115996073438374,59.9310187694943,False,False,False,False,False
Kyrgyzstan,2000,2.576373,Central Asia,Central Asia,279.621738464365,35.3216067847574,57.886,0.163812064068962,32.5980682373047,False,False,False,False,False
Kyrgyzstan,2001,2.545637,Central Asia,Central Asia,308.41129550148,35.3160273737858,56.929,0.297284121287703,38.5882110595703,False,False,False,False,False
Kyrgyzstan,2002,2.565579,Central Asia,Central Asia,321.726775366804,35.3118703235333,57.114,1.88667073714928,43.333911895752,False,False,False,False,False
Kyrgyzstan,2003,2.595357,Central Asia,Central Asia,380.505828812441,35.3086519815317,55.843,3.66479861905155,41.3604202270508,False,False,False,False,False
Kyrgyzstan,2004,2.630736,Central Asia,Central Asia,433.233873286,35.3058886953128,54.64,8.09652452257376,40.9934387207031,False,False,False,False,False
Kyrgyzstan,2005,2.644842,Central Asia,Central Asia,476.548193640077,35.3030968124082,54.886,12.7324731237381,43.6173286437988,False,False,False,False,False
Kyrgyzstan,2006,2.743576,Central Asia,Central Asia,543.113512472219,35.2997926803498,54.428,16.6917334209106,45.0560913085938,False,False,False,False,False
Kyrgyzstan,2007,2.780943,Central Asia,Central Asia,721.771577544361,35.2954926466692,52.888,18.513914681679,45.5744094848633,False,False,False,False,False
Kyrgyzstan,2008,2.838361,Central Asia,Central Asia,966.388569370494,35.2897130588983,51.43,23.7992695009347,51.7609214782715,False,False,False,False,False
Kyrgyzstan,2009,2.954713,Central Asia,Central Asia,870.198894546917,35.2815523593591,51.098,20.9371247573683,49.5684509277344,False,False,False,False,False
Kyrgyzstan,2010,3.09639,Central Asia,Central Asia,876.954476440354,35.267768240398,51.445,26.4100938758912,47.7446087202185,False,False,False,False,False
Kyrgyzstan,2011,3.140412,Central Asia,Central Asia,1117.40174350185,35.2466507961984,52.124,27.5695150811653,46.8004070454196,False,False,False,False,False
Kyrgyzstan,2012,3.182737,Central Asia,Central Asia,1168.62244675446,35.218916221918,50.03,30.7544325527209,49.7378162653605,False,False,False,False,False
Kyrgyzstan,2013,3.149759,Central Asia,Central Asia,1269.66303464348,35.1850529225105,45.843,31.0564092290657,53.4510962860239,False,False,False,False,False
Kyrgyzstan,2014,3.209546,Central Asia,Central Asia,1264.52668823891,35.1455493029297,47.601,30.0320907271748,50.9556439528104,False,False,False,False,False
Kyrgyzstan,2015,3.208325,Central Asia,Central Asia,1105.65193844261,35.1008937681291,47.459,25.2718946040713,51.0750477664643,False,False,False,False,False
Kyrgyzstan,2016,3.104141,Central Asia,Central Asia,1103.27489428412,35.0515747230627,46.17,29.2760903334236,48.6948857002869,False,False,False,False,False
Kyrgyzstan,2017,3.043527,Central Asia,Central Asia,1221.39046807082,34.9980805726839,42.44,32.2705172692664,45.3427305911039,False,False,False,False,False
Kyrgyzstan,2018,3.28,Central Asia,Central Asia,1283.5203037417,34.9408997219466,44.016,32.5055687336898,44.7212161347249,False,False,False,False,False
Kyrgyzstan,2019,3.33,Central Asia,Central Asia,1421.99927504102,34.8805205758044,44.04,28.7859049850987,46.022590263451,False,False,False,False,False
Kyrgyzstan,2020,3.05,Central Asia,Central Asia,1229.51766602907,34.8174315392111,43.877,31.8069826721848,50.10201538797,False,False,False,False,False
Kyrgyzstan,2021,2.89,Central Asia,Central Asia,1349.99730650542,34.7521210171204,43.997,32.5635356064056,56.1375383402996,False,False,False,False,False
Kyrgyzstan,2022,2.81,Central Asia,Central Asia,1739.72018344174,34.7003053497743,45.238,26.5775606386275,57.3295174557447,False,False,False,False,False
Kyrgyzstan,2023,2.8,Central Asia,Central Asia,2138.22210211478,34.706439175362,43.495,26.5775606386275,58.4761976216379,False,False,False,True,False
Latvia,2000,1.244485,Baltic,Rest of post-Soviet,3278.17896440803,68.0520561441955,48.977,3.24916548495243,79.8180618286133,False,False,False,False,True
Latvia,2001,1.222852,Baltic,Rest of post-Soviet,3504.61829462397,68.0163660524785,49.936,3.34142859855123,79.8180618286133,False,False,False,False,False
Latvia,2002,1.257519,Baltic,Rest of post-Soviet,4003.60935783538,67.9813450702046,51.07,1.21699024462232,84.9314193725586,False,False,False,False,False
Latvia,2003,1.32183,Baltic,Rest of post-Soviet,4914.57992829302,67.9493840506358,50.516,1.4007321575177,89.2535400390625,False,False,False,False,False
Latvia,2004,1.296752,Baltic,Rest of post-Soviet,6109.73265186817,67.9206702831277,50.405,1.58071221596804,94.5926971435547,False,False,False,False,False
Latvia,2005,1.389376,Baltic,Rest of post-Soviet,7283.78738127622,67.8953910570353,50.386,2.32449363884608,97.2924270629883,False,False,False,False,False
Latvia,2006,1.463824,Baltic,Rest of post-Soviet,9211.7374468148,67.873733661714,51.945,2.34955653000909,96.5535736083984,False,False,False,False,False
Latvia,2007,1.542382,Baltic,Rest of post-Soviet,13370.9789452508,67.8558853865191,52.909,1.87110120062372,95.5410079956055,False,False,False,False,False
Latvia,2008,1.585392,Baltic,Rest of post-Soviet,15677.6080864506,67.8420335208058,54.841,5.62594953465104,95.6201934814453,False,False,False,False,False
Latvia,2009,1.471832,Baltic,Rest of post-Soviet,11996.0322729773,67.8323653539295,54.357,6.17581400071879,95.3236999511719,False,False,False,False,False
Latvia,2010,1.367074,Baltic,Rest of post-Soviet,11188.4191700977,67.8270681752453,53.73,5.35771550553895,88.4324493408203,False,False,False,False,False
Latvia,2011,1.342888,Baltic,Rest of post-Soviet,12902.574053337,67.8266897008267,52.909,5.66570960282216,84.8251419067383,False,False,False,False,False
Latvia,2012,1.444325,Baltic,Rest of post-Soviet,13329.3499931271,67.8331638942219,54.088,5.52657807437145,81.6425323486328,False,False,False,False,False
Latvia,2013,1.527422,Baltic,Rest of post-Soviet,14484.4715282132,67.847334482933,53.773,5.5036877983812,83.7531204223633,False,False,False,False,False
Latvia,2014,1.64598,Baltic,Rest of post-Soviet,15185.814581236,67.8686035364944,53.301,5.13085900004383,83.7770690917969,False,False,False,False,False
Latvia,2015,1.706456,Baltic,Rest of post-Soviet,13321.9753140616,67.8965395668259,54.029,5.0703767353682,91.1335601806641,False,False,False,False,False
Latvia,2016,1.742342,Baltic,Rest of post-Soviet,13838.5266823272,67.9307110858472,54.863,4.55411994517047,98.1053314208984,False,False,False,False,False
Latvia,2017,1.698427,Baltic,Rest of post-Soviet,15132.4958333982,67.9706866054779,55.064,4.33514862848996,105.058967590332,False,False,False,False,False
Latvia,2018,1.61249,Baltic,Rest of post-Soviet,17252.1710428626,68.0160346376376,55.639,3.72158241623154,111.845207214355,False,False,False,False,False
Latvia,2019,1.609161,Baltic,Rest of post-Soviet,17294.9751600969,68.066323694246,55.474,3.45205124469257,111.019950866699,False,False,False,False,False
Latvia,2020,1.5462,Baltic,Rest of post-Soviet,17564.2321549354,68.1211222872228,55.844,3.26049152549512,109.43717956543,False,False,False,False,False
Latvia,2021,1.5716,Baltic,Rest of post-Soviet,20261.8887788916,68.1808791463693,54.167,3.45020908059925,108.810440063477,False,False,False,False,False
Latvia,2022,1.47,Baltic,Rest of post-Soviet,20221.103686109,68.2570218109034,55.299,3.40541390123867,108.475112915039,False,False,False,False,False
Latvia,2023,1.337526,Baltic,Rest of post-Soviet,22710.2637544197,68.3586316343061,55.436,2.88631577171599,101.502548217773,False,False,False,False,False
Lithuania,2000,1.383066,Baltic,Rest of post-Soviet,3300.63634928559,66.9768374826555,54.916,0.432376552714905,69.8163070678711,False,False,False,False,True
Lithuania,2001,1.281169,Baltic,Rest of post-Soviet,3532.52787363242,66.9286097501613,53.333,0.645555344192364,69.8163070678711,False,False,False,False,False
Lithuania,2002,1.231351,Baltic,Rest of post-Soviet,4148.13091485015,66.8887100219727,52.171,0.764919527460817,77.3059310913086,False,False,False,False,False
Lithuania,2003,1.26048,Baltic,Rest of post-Soviet,5507.47434187652,66.7596664428711,54.789,0.610520440247571,84.9788436889648,False,False,False,False,False
Lithuania,2004,1.271054,Baltic,Rest of post-Soviet,6734.57487061946,66.6022567749023,51.337,2.53919307476166,91.5104522705078,False,False,False,False,False
Lithuania,2005,1.291236,Baltic,Rest of post-Soviet,7857.03148786492,66.5784912109375,50.639,2.85487616028856,97.5385589599609,False,False,False,False,False
Lithuania,2006,1.322227,Baltic,Rest of post-Soviet,9210.10118229413,66.6381530761719,50.075,3.30190488506664,100.451858520508,False,False,False,False,False
Lithuania,2007,1.358856,Baltic,Rest of post-Soviet,12295.1212779366,66.7184982299805,50.067,3.60716310368191,100.372177124023,False,False,False,False,False
Lithuania,2008,1.444071,Baltic,Rest of post-Soviet,14955.5345462921,66.7527770996094,50.469,3.27256598885755,104.033790588379,False,False,False,False,False
Lithuania,2009,1.499453,Baltic,Rest of post-Soviet,11854.3711053096,66.7816619873047,52.019,3.30674682269735,107.205062866211,False,False,False,False,False
Lithuania,2010,1.499202,Baltic,Rest of post-Soviet,11829.122609457,66.7712860107422,52.31,4.56671804926548,104.551567077637,False,False,False,False,False
Lithuania,2011,1.548247,Baltic,Rest of post-Soviet,14261.8433787325,66.7518340055756,52.699,4.5278395086244,101.427978515625,False,False,False,False,False
Lithuania,2012,1.591134,Baltic,Rest of post-Soviet,14288.1853493139,66.8536758422852,53.2,3.52892651275714,95.5258865356445,False,False,False,False,False
Lithuania,2013,1.58291,Baltic,Rest of post-Soviet,15636.5252586048,67.0092086791992,52.927,4.44868367241846,88.8712005615234,False,False,False,False,False
Lithuania,2014,1.628049,Baltic,Rest of post-Soviet,16446.1647181663,67.1514937628023,53.871,4.37464712421907,85.344596862793,False,False,False,False,False
Lithuania,2015,1.705244,Baltic,Rest of post-Soviet,14269.8039878287,67.2282485961914,54.428,3.30473244592127,84.4187316894531,False,False,False,False,False
Lithuania,2016,1.692274,Baltic,Rest of post-Soviet,14934.2702840428,67.1894226074219,55.606,2.97861311278016,85.2355194091797,False,False,False,False,False
Lithuania,2017,1.633237,Baltic,Rest of post-Soviet,16800.1510246099,67.1012954711914,55.821,2.72747361994343,87.6285171508789,False,False,False,False,False
Lithuania,2018,1.635176,Baltic,Rest of post-Soviet,19247.2315367967,67.1464742010457,56.494,2.55608663061799,88.5589599609375,False,False,False,False,False
Lithuania,2019,1.610225,Baltic,Rest of post-Soviet,19608.7943945553,67.245735168457,57.226,2.36555049630818,86.6990127563477,False,False,False,False,False
Lithuania,2020,1.487075,Baltic,Rest of post-Soviet,20428.6478157394,67.4254608154297,57.363,1.37702741376978,86.1513519287109,False,False,False,False,False
Lithuania,2021,1.35873,Baltic,Rest of post-Soviet,23870.4594851722,68.1912117004395,57.369,1.16066302778464,89.6342010498047,False,False,False,False,False
Lithuania,2022,1.27,Baltic,Rest of post-Soviet,25085.784063499,68.2866452426813,58.035,1.03605141610572,92.4614105224609,False,False,False,False,False
Lithuania,2023,1.201006,Baltic,Rest of post-Soviet,27786.0057829276,68.575454583199,57.914,1.22409792475394,91.756950378418,False,False,False,False,False
Moldova,2000,1.496288,Slavic,Rest of post-Soviet,440.538683980372,40.4185981750488,56.428,13.7826722310316,43.7339224466463,False,False,False,False,True
Moldova,2001,1.470664,Slavic,Rest of post-Soviet,507.404076252819,39.6744270324707,54.803,16.3580954622492,43.7339224466463,False,False,False,False,True
Moldova,2002,1.447661,Slavic,Rest of post-Soviet,570.799866188293,39.620719909668,54.827,19.4118710536305,43.7339224466463,False,False,False,False,True
Moldova,2003,1.479474,Slavic,Rest of post-Soviet,682.319095965299,39.5945358276367,56.09,24.434256316304,43.7339224466463,False,False,False,False,True
Moldova,2004,1.543093,Slavic,Rest of post-Soviet,897.178494749468,39.4460945129395,54.583,26.9939428415335,43.7339224466463,False,False,False,False,True
Moldova,2005,1.527853,Slavic,Rest of post-Soviet,1034.39197746993,39.3704032897949,55.022,30.621653152555,43.7339224466463,False,False,False,False,True
Moldova,2006,1.536956,Slavic,Rest of post-Soviet,1183.02481442894,39.2182388305664,57.263,34.4991746381553,43.7339224466463,False,False,False,False,True
Moldova,2007,1.574659,Slavic,Rest of post-Soviet,1531.21618590748,39.4315032958984,58.868,33.8832385938611,43.7339224466463,False,False,False,False,True
Moldova,2008,1.637536,Slavic,Rest of post-Soviet,2110.55305353857,39.3710708618164,59.244,31.1820776721655,43.7339224466463,False,False,False,False,True
Moldova,2009,1.718999,Slavic,Rest of post-Soviet,1898.43975710988,39.3255348205566,59.929,24.8619604986136,43.7339224466463,False,False,False,False,True
Moldova,2010,1.703264,Slavic,Rest of post-Soviet,2436.79935102421,39.2804946899414,62.695,25.1302427320706,43.7339224466463,False,False,False,False,False
Moldova,2011,1.650123,Slavic,Rest of post-Soviet,2941.36224066021,39.3469161987305,64.365,21.5478268033462,45.412855438457,False,False,False,False,False
Moldova,2012,1.661143,Slavic,Rest of post-Soviet,3044.8084324815,39.3614196777344,65.277,22.8086850294921,45.7063421973637,False,False,False,False,False
Moldova,2013,1.621657,Slavic,Rest of post-Soviet,3321.04397795719,39.4275512695312,65.586,23.0768148398865,46.6365127627885,False,False,False,False,False
Moldova,2014,1.82,Slavic,Rest of post-Soviet,3289.95758568777,39.6298484802246,69.207,22.0793458644557,58.2979830139099,False,False,False,False,False
Moldova,2015,1.87,Slavic,Rest of post-Soviet,2749.55137054338,39.6954040527344,69.413,19.751035292269,58.9923646570802,False,False,False,False,False
Moldova,2016,1.89,Slavic,Rest of post-Soviet,2847.08794770479,39.7373237609863,68.93,18.3841028050973,60.2475985857469,False,False,False,False,False
Moldova,2017,1.81,Slavic,Rest of post-Soviet,3453.26727720294,39.9736557006836,67.43,17.2146358007248,58.3591348205201,False,False,False,False,False
Moldova,2018,1.81,Slavic,Rest of post-Soviet,4156.44981956646,40.3258094787598,66.419,16.3337386523032,59.8775016198638,False,False,False,False,False
Moldova,2019,1.78,Slavic,Rest of post-Soviet,4405.33418162155,40.772289276123,68.337,16.2728382462381,62.484816225143,False,False,False,False,False
Moldova,2020,1.77,Slavic,Rest of post-Soviet,4375.7788930524,41.3368530273438,68.085,16.274922384411,65.2269949491231,False,False,False,False,False
Moldova,2021,1.7505,Slavic,Rest of post-Soviet,5274.60582195352,41.8115425109863,70.665,15.4787484391198,71.7426824144531,False,False,False,False,False
Moldova,2022,1.694409,Slavic,Rest of post-Soviet,5744.29618434435,42.4048843383789,71.543,14.0294158168182,79.5397278683017,False,False,False,False,False
Moldova,2023,1.730637,Slavic,Rest of post-Soviet,6799.58594644576,43.0011825561523,70.064,12.0387300286119,81.7232329363875,False,False,False,False,False
Russia,2000,1.189782,Slavic,Rest of post-Soviet,1771.59411621094,73.1568222045898,54.659,0.192503071220407,68.4797515869141,False,False,False,False,True
Russia,2001,1.220712,Slavic,Rest of post-Soviet,2100.3525390625,73.22998046875,53.51,0.32172320232662,68.4797515869141,False,False,False,False,False
Russia,2002,1.287229,Slavic,Rest of post-Soviet,2377.52954101563,73.2929008030615,54.308,0.270929070680024,74.9065399169922,False,False,False,False,False
Russia,2003,1.333674,Slavic,Rest of post-Soviet,2975.123046875,73.4057388305664,54.12,0.258790908871147,78.2475433349609,False,False,False,False,False
Russia,2004,1.345017,Slavic,Rest of post-Soviet,4102.36474609375,73.3065795898438,54.719,0.373382010119783,80.5133438110352,False,False,False,False,False
Russia,2005,1.298916,Slavic,Rest of post-Soviet,5323.455078125,73.1613922119141,55.155,0.449802113997943,83.1037292480469,False,False,False,False,False
Russia,2006,1.314641,Slavic,Rest of post-Soviet,6920.19970703125,73.2439193725586,55.583,0.385923449755519,84.0957107543945,False,False,False,False,False
Russia,2007,1.427691,Slavic,Rest of post-Soviet,9101.2392578125,73.3856048583984,56.152,0.359030354019774,86.8497085571289,False,False,False,False,False
Russia,2008,1.517152,Slavic,Rest of post-Soviet,11635.2841796875,73.4822463989258,56.159,0.34542413264832,88.7412796020508,False,False,False,False,False
Russia,2009,1.558792,Slavic,Rest of post-Soviet,8562.82421875,73.5288696289062,56.352,0.417541988221401,89.3014831542969,False,False,False,False,False
Russia,2010,1.585282,Slavic,Rest of post-Soviet,10674.990234375,73.6696307887624,56.019,0.344282408841521,90.4963323888623,False,False,False,False,True
Russia,2011,1.600857,Slavic,Rest of post-Soviet,14305.33203125,73.8534851074219,56.336,0.298313804363493,91.6911816234277,False,False,False,False,False
Russia,2012,1.708244,Slavic,Rest of post-Soviet,15401.8515625,73.97265625,56.272,0.262090607919179,90.0499429654167,False,False,False,False,False
Russia,2013,1.724581,Slavic,Rest of post-Soviet,15941.4482421875,74.0762949770228,55.985,0.294477562161684,91.33984375,False,False,False,False,False
Russia,2014,1.766485,Slavic,Rest of post-Soviet,14055.47265625,74.1776476748791,55.858,0.377640974141187,91.8706493487323,False,False,False,False,False
Russia,2015,1.790093,Slavic,Rest of post-Soviet,9277.7138671875,74.275919065527,55.555,0.506305846173427,91.7894045081223,False,False,False,False,False
Russia,2016,1.773402,Slavic,Rest of post-Soviet,8663.158203125,74.3703138709243,55.684,0.523867598943551,90.727754902259,False,False,False,False,False
Russia,2017,1.626532,Slavic,Rest of post-Soviet,10658.9130859375,74.460036813029,55.335,0.523123068702963,88.6435886426534,False,False,False,False,False
Russia,2018,1.581342,Slavic,Rest of post-Soviet,11211.8876953125,74.5442926137992,55.416,0.560375837837153,88.5227821031978,False,False,False,False,False
Russia,2019,1.504,Slavic,Rest of post-Soviet,11447.701171875,74.6222859951926,54.794,0.616170784814508,87.8579508523661,False,False,False,False,False
Russia,2020,1.505,Slavic,Rest of post-Soviet,10108.3271484375,74.6932216791674,54.63,0.66406336325159,61.8148169554409,False,False,False,False,False
Russia,2021,1.505,Slavic,Rest of post-Soviet,12425.029296875,74.7516840220252,55.132,0.527388477992061,59.3233560101108,False,False,False,False,False
Russia,2022,1.452,Slavic,Rest of post-Soviet,15619.6142578125,74.8544893625017,55.3,0.141610832659861,57.0857197011313,False,False,False,False,False
Russia,2023,1.449,Slavic,Rest of post-Soviet,14159.3876953125,74.9805047873279,55.363,0.126306674820383,98.1264801025391,False,False,False,False,False
Tajikistan,2000,3.49,Central Asia,Central Asia,136.925716400723,26.5355104669232,44.394,6.43374005428851,10.166729927063,False,False,False,True,False
Tajikistan,2001,3.49,Central Asia,Central Asia,168.676285365186,26.5345041786379,44.397,6.43374005428851,9.24987030029297,False,False,False,True,False
Tajikistan,2002,3.47,Central Asia,Central Asia,186.951638285222,26.5336513960096,44.4,6.43374005428851,9.65412998199463,False,False,False,False,False
Tajikistan,2003,3.42,Central Asia,Central Asia,233.58124845289,26.5331204386766,44.404,9.38871507024825,10.6201000213623,False,False,False,False,False
Tajikistan,2004,3.507367,Central Asia,Central Asia,305.745158587502,26.5327772632159,41.766,12.1377953734503,11.5795698165894,False,False,False,False,False
Tajikistan,2005,3.397875,Central Asia,Central Asia,333.927150941684,26.5324878262051,39.16,24.4070340378686,12.3483896255493,False,False,False,False,False
Tajikistan,2006,3.341013,Central Asia,Central Asia,401.018403316427,26.5321180842215,36.597,34.4803707889679,13.2931404113769,False,False,False,False,False
Tajikistan,2007,3.367402,Central Asia,Central Asia,516.997210618914,26.5315339938424,34.093,40.6960068537209,14.0765600204468,False,False,False,False,False
Tajikistan,2008,3.388089,Central Asia,Central Asia,703.327375898643,26.5306015116451,31.66,44.1265382636326,14.6829996109009,False,False,False,False,False
Tajikistan,2009,3.429676,Central Asia,Central Asia,664.795655734657,26.529186594207,29.308,31.4438313512332,14.8808097839356,False,False,False,False,False
Tajikistan,2010,3.456939,Central Asia,Central Asia,737.338883219356,26.5274312963978,28.405,35.8104365109815,15.0943002700806,False,False,False,False,False
Tajikistan,2011,3.456335,Central Asia,Central Asia,833.601978202852,26.4792213439941,27.511,41.7379526470592,14.6670904159546,False,False,False,False,False
Tajikistan,2012,3.421208,Central Asia,Central Asia,952.452819695469,26.4102249145508,26.606,42.2158394555421,14.8713903427124,False,False,False,False,False
Tajikistan,2013,3.432918,Central Asia,Central Asia,1028.19704279396,26.4883155822754,25.694,43.7683574907798,15.5088500976562,False,False,False,False,False
Tajikistan,2014,3.459384,Central Asia,Central Asia,1081.54402932039,26.5633735656738,24.795,37.1359784024863,17.4420509338379,False,False,False,False,False
Tajikistan,2015,3.458874,Central Asia,Central Asia,956.916310930656,26.478832244873,23.907,27.306557809196,19.934440612793,False,False,False,False,False
Tajikistan,2016,3.384335,Central Asia,Central Asia,788.710481734485,26.3718509674072,23.032,26.70605713952,22.6796894073486,False,False,False,False,False
Tajikistan,2017,3.290289,Central Asia,Central Asia,829.45714764957,26.2731513977051,22.25,29.6849721562403,24.7403106689453,False,False,False,False,False
Tajikistan,2018,3.294309,Central Asia,Central Asia,834.288404578801,26.2338752746582,21.43,28.1177144978702,26.750542584177264,False,False,False,False,True
Tajikistan,2019,3.281065,Central Asia,Central Asia,871.022372934846,26.1300735473633,20.681,27.9717718939678,28.760774499409234,False,False,False,False,True
Tajikistan,2020,3.211409,Central Asia,Central Asia,834.311715460625,26.1925442328719,20.487,26.8848943162433,30.7710064146412,False,False,False,False,False
Tajikistan,2021,3.16958,Central Asia,Central Asia,896.748053372182,26.1991525151375,20.592,32.6893794785095,32.1675394894783,False,False,False,False,False
Tajikistan,2022,3.126816,Central Asia,Central Asia,1052.17949484894,26.1957126615618,21.395,49.8953124537059,33.6035586866012,False,False,False,False,False
Tajikistan,2023,3.072325,Central Asia,Central Asia,1178.47990060249,26.1890127571429,21.674,37.8445781946342,34.0234005542585,False,False,False,False,False
Ukraine,2000,1.108471,Slavic,Rest of post-Soviet,653.294311523438,67.403857296906,52.921,1.29420513887627,54.0463600158691,False,False,False,False,False
Ukraine,2001,1.09163,Slavic,Rest of post-Soviet,800.49072265625,67.2749805493459,52.864,2.1089006274417,57.2480392456055,False,False,False,False,False
Ukraine,2002,1.126666,Slavic,Rest of post-Soviet,903.011901855469,67.2672733350904,52.808,2.71179261802868,61.7384986877441,False,False,False,False,False
Ukraine,2003,1.173023,Slavic,Rest of post-Soviet,1076.48156738281,67.419679868405,52.752,2.92826299291522,66.2390518188477,False,False,False,False,False
Ukraine,2004,1.214726,Slavic,Rest of post-Soviet,1401.01806640625,67.5970968423685,52.697,2.78636671290806,69.9675827026367,False,False,False,False,False
Ukraine,2005,1.220777,Slavic,Rest of post-Soviet,1875.33508300781,67.8136046317755,52.646,2.69837586661565,73.9260330200195,False,False,False,False,False
Ukraine,2006,1.296785,Slavic,Rest of post-Soviet,2366.494140625,68.0293347798948,52.595,2.77249574349844,79.6354904174805,False,False,False,False,False
Ukraine,2007,1.342733,Slavic,Rest of post-Soviet,3160.32763671875,68.2102322372037,52.697,3.55668840350097,84.667236328125,False,False,False,False,False
Ukraine,2008,1.444171,Slavic,Rest of post-Soviet,4017.806640625,68.3752085755346,52.403,3.60532981523366,88.8307189941406,False,False,False,False,False
Ukraine,2009,1.469502,Slavic,Rest of post-Soviet,2607.08764648438,68.5251442249547,52.109,4.88761394320421,92.6070785522461,False,False,False,False,False
Ukraine,2010,1.436126,Slavic,Rest of post-Soviet,3039.63232421875,68.637397133357,51.816,4.62788640442269,91.4391394934517,False,False,False,False,False
Ukraine,2011,1.464018,Slavic,Rest of post-Soviet,3656.69799804688,68.7234299826222,51.523,4.61927764801976,92.0280483560592,False,False,False,False,False
Ukraine,2012,1.528347,Slavic,Rest of post-Soviet,3951.34228515625,68.8241983107739,51.23,4.62726263528925,89.8631669541472,False,False,False,False,False
Ukraine,2013,1.515169,Slavic,Rest of post-Soviet,4129.89697265625,68.9326288082226,50.937,5.07457234295051,89.0957933893404,False,False,False,False,False
Ukraine,2014,1.466096,Slavic,Rest of post-Soviet,3054.908203125,69.0554339301313,50.648,5.50845447210468,90.2878348077098,False,False,False,False,False
Ukraine,2015,1.386783,Slavic,Rest of post-Soviet,2094.47387695313,69.1587317201337,50.36,9.30892003656947,82.857257382087,False,False,False,False,False
Ukraine,2016,1.391451,Slavic,Rest of post-Soviet,2158.46118164063,69.2102241609089,50.072,10.1461215673731,82.178776606117,False,False,False,False,False
Ukraine,2017,1.299933,Slavic,Rest of post-Soviet,2604.28759765625,69.2633108489282,49.785,10.8233966749932,85.5655948924914,False,False,False,False,False
Ukraine,2018,1.233007,Slavic,Rest of post-Soviet,3059.0517578125,69.3157992777909,49.498,11.2261271501125,86.4879838892918,False,False,False,False,False
Ukraine,2019,1.217631,Slavic,Rest of post-Soviet,3619.86157226563,69.3527648708735,49.214,10.2597396240268,89.9799803822954,False,False,False,False,False
Ukraine,2020,1.208113,Slavic,Rest of post-Soviet,3709.76928710938,69.3839100516745,48.1,9.71346014003703,86.3139423375747,False,False,False,False,False
Ukraine,2021,1.147523,Slavic,Rest of post-Soviet,4775.94580078125,69.4027032653896,47.738,9.04058383088579,80.6778566384496,False,False,False,False,False
Ukraine,2022,0.897,Slavic,Rest of post-Soviet,4199.6708984375,69.42345912103,47.738,10.360546734925,81.3500023853869,False,False,True,False,True
Ukraine,2023,0.977,Slavic,Rest of post-Soviet,5139.59814453125,69.4754455027606,47.738,8.25895300735777,82.0221481323242,False,False,True,False,False
Uzbekistan,2000,2.696102,Central Asia,Central Asia,555.149231099186,47.6731005044,39.638,7.17193652621924,11.8367795944214,False,False,False,True,False
Uzbekistan,2001,2.609737,Central Asia,Central Asia,454.415812256778,48.4901886313987,39.498,7.17193652621924,11.9022998809815,False,False,False,True,False
Uzbekistan,2002,2.574738,Central Asia,Central Asia,381.409296889283,49.2574592650723,39.431,7.17193652621924,12.2173004150391,False,False,False,True,False
Uzbekistan,2003,2.503429,Central Asia,Central Asia,394.164028897235,49.9566881481443,39.187,7.17193652621924,12.0571098327637,False,False,False,True,False
Uzbekistan,2004,2.496159,Central Asia,Central Asia,462.171492867885,50.5696510233382,39.056,7.17193652621924,12.1567001342773,False,False,False,True,False
Uzbekistan,2005,2.4381,Central Asia,Central Asia,542.835808692209,51.0781236333777,38.789,7.17193652621924,8.07279014587402,False,False,False,False,False
Uzbekistan,2006,2.461132,Central Asia,Central Asia,649.118167003925,51.4638817209862,38.555,8.180185407437,8.19966983795166,False,False,False,False,False
Uzbekistan,2007,2.573356,Central Asia,Central Asia,824.028192334768,51.7087010288873,38.426,7.64888686011818,8.11347007751465,False,False,False,False,False
Uzbekistan,2008,2.634888,Central Asia,Central Asia,1074.72928796701,51.7943572998047,38.415,12.2843587985737,7.96892976760864,False,False,False,False,False
Uzbekistan,2009,2.559144,Central Asia,Central Asia,1205.7993547038,51.6105041503906,38.895,6.46524882083396,8.03606033325195,False,False,False,False,False
Uzbekistan,2010,2.44213,Central Asia,Central Asia,1753.20730243278,51.3321647644043,38.961,6.90310933925255,6.92493375737348,False,False,False,False,False
Uzbekistan,2011,2.353628,Central Asia,Central Asia,2087.86386135694,51.3395500183105,38.883,8.15471745166511,6.70508169271362,False,False,False,False,False
Uzbekistan,2012,2.336733,Central Asia,Central Asia,2307.34649117185,51.3359680175781,39.101,9.01689935997158,5.84345416122378,False,False,False,False,False
Uzbekistan,2013,2.445493,Central Asia,Central Asia,2461.97947403595,51.1276969909668,39.191,8.80231146942062,5.9177535118656,False,False,False,False,False
Uzbekistan,2014,2.546374,Central Asia,Central Asia,2674.9628382103,50.8868713378906,39.275,8.42882528339748,6.06604631075713,False,False,False,False,False
Uzbekistan,2015,2.582871,Central Asia,Central Asia,2803.19018021751,50.6597328186035,39.447,5.61878143544813,6.15799284630352,False,False,False,False,False
Uzbekistan,2016,2.564492,Central Asia,Central Asia,2753.37951427589,50.6572189331055,39.57,6.72762541776342,6.47848566192553,False,False,False,False,False
Uzbekistan,2017,2.570115,Central Asia,Central Asia,2190.60411562888,50.6787376403809,39.652,10.2293000322696,6.7548840177639,False,False,False,False,False
Uzbekistan,2018,2.712941,Central Asia,Central Asia,1813.08530813664,50.5814971923828,39.739,12.9644724922439,8.16082816177311,False,False,False,False,False
Uzbekistan,2019,2.869214,Central Asia,Central Asia,2041.38480729431,50.5920104980469,39.89,12.69979421355,11.0202810887742,False,False,False,False,False
Uzbekistan,2020,3.062255,Central Asia,Central Asia,1978.28051860763,50.7670402526855,39.097,10.6613149757896,15.0318468501231,False,False,False,False,False
Uzbekistan,2021,3.272864,Central Asia,Central Asia,2258.51964119278,50.9269905090332,39.587,11.9948771448385,20.5989391063524,False,False,False,False,False
Uzbekistan,2022,3.396064,Central Asia,Central Asia,2578.66689394219,50.9847412109375,41.1,17.2173418207715,29.6917854783806,False,False,False,False,False
Uzbekistan,2023,3.5,Central Asia,Central Asia,2878.96879292451,50.9964841114568,41.24,13.8041936750861,46.4659334224552,False,False,False,False,False
